OriginAirport,DestinationAirport,num_unique_flights,Distance,FlightFrequency,aircraft,dep_airport_name,dep_city,des_airport_name,des_city,Primary_Aircraft,EmissionsPerFlight,Total Fuel,TotalEmissions,Avg Passengers per Flight,Total Passengers Transported,OriginLat,OriginLong,DestLat,DestLong
EDDB,EDDF,164,432.38763330266585,4116,"{'A321': 0.45286686103012636, 'A320': 0.25583090379008744, 'A21N': 0.10617103984450924, 'A319': 0.09256559766763849, 'A20N': 0.06341107871720117}",Berlin-Schönefeld Airport,Berlin,Frankfurt am Main Airport,Frankfurt,A321,2349008.9828503854,9668520973.412186,30552.52627598251,107.99999999999999,444527.99999999994,52.380001,13.5225,50.033333,8.570556
EDDB,EDDK,153,471.30087329537974,1501,"{'A320': 0.48500999333777484, 'A319': 0.18121252498334445, 'B762': 0.12858094603597603, 'B738': 0.08127914723517655, 'F2TH': 0.02465023317788141}",Berlin-Schönefeld Airport,Berlin,Cologne Bonn Airport,Cologne,A320,2482862.052937208,3726775941.4587493,11776.611975009648,89.62721893491124,134530.45562130178,52.380001,13.5225,50.8658981323,7.1427397728
EDDB,EDDF,167,432.38763330266585,4116,"{'A321': 0.45286686103012636, 'A320': 0.25583090379008744, 'A21N': 0.10617103984450924, 'A319': 0.09256559766763849, 'A20N': 0.06341107871720117}",Berlin-Schönefeld Airport,Berlin,Frankfurt am Main Airport,Frankfurt,A321,2349008.9828503854,9668520973.412186,30552.52627598251,107.99999999999999,4440527.99999999994,52.380001,13.5225,50.033333,8.570556
